{
  "Ch1"       : {
      "Range1": {
          "-ADC": 7868390,
          "+ADC": -7874816,
          "-I"  : -0.00200446,
          "+I"  : 0.0020038
        },
      "Range2": {
          "-ADC": 6106234,
          "+ADC": -6035706,
          "-I"  : -0.00020117287,
          "+I"  : 0.00019945531
        },
      "Range3": {
          "-ADC": 7848877,
          "+ADC": -7843290,
          "-I"  : -1.998916e-05,
          "+I"  : 1.997797e-05
        },
      "Range4": {
          "-ADC": 6084512,
          "+ADC": -6030131,
          "-I"  : -2.00361e-06,
          "+I"  : 1.9909e-06
        },
      "Range5": {
          "-ADC": 8090560,
          "+ADC": -7445754,
          "-I"  : -2.0616527e-07,
          "+I"  : 1.9330536e-07
        },
      "Range6": {
          "-ADC": 5986125,
          "+ADC": -5978336,
          "-I"  : -1.927308e-08,
          "+I"  : 1.926251e-08
        },
      "Range7": {
          "-ADC": 7852422,
          "+ADC": -7791738,
          "-I"  : -1.93168e-09,
          "+I"  : 1.91977e-09
        },
      "Range8": {
          "-ADC": 6285920,
          "+ADC": -5799686,
          "-I"  : -1.9862892e-10,
          "+I"  : 1.8654852e-10
        },
      "Source": {
          "-DAC": 364,
          "+DAC": 5942,
          "-V"  : 0,
          "+V"  : 0
        }
    },
  "Ch2"       : {
      "Range1": {
          "-ADC": 7880429,
          "+ADC": -7868800,
          "-I"  : -0.00200443,
          "+I"  : 0.00200382
        },
      "Range2": {
          "-ADC": 6134208,
          "+ADC": -6025894,
          "-I"  : -0.00020114762,
          "+I"  : 0.00019947973
        },
      "Range3": {
          "-ADC": 7855942,
          "+ADC": -7845728,
          "-I"  : -1.998905e-05,
          "+I"  : 1.997818e-05
        },
      "Range4": {
          "-ADC": 6108896,
          "+ADC": -6016685,
          "-I"  : -2.00345e-06,
          "+I"  : 1.99106e-06
        },
      "Range5": {
          "-ADC": 8095994,
          "+ADC": -7417664,
          "-I"  : -2.0599558e-07,
          "+I"  : 1.9347673e-07
        },
      "Range6": {
          "-ADC": 5998214,
          "+ADC": -5954778,
          "-I"  : -1.927289e-08,
          "+I"  : 1.926254e-08
        },
      "Range7": {
          "-ADC": 7840109,
          "+ADC": -7771021,
          "-I"  : -1.93152e-09,
          "+I"  : 1.91991e-09
        },
      "Range8": {
          "-ADC": 6304627,
          "+ADC": -5757741,
          "-I"  : -1.9845239e-10,
          "+I"  : 1.8669439e-10
        },
      "Source": {
          "-DAC": 365,
          "+DAC": 5948,
          "-V"  : 0,
          "+V"  : 0
        }
    },
  "SerialID"  : "6B4N4K",
  "DeviceID"  : "SPA120",
  "ProtocolID": "110",
  "CalCertID" : "AEES6W64"
}